<?xml version="1.0" encoding="UTF-8"?>
<!DOCTYPE hibernate-configuration PUBLIC
		"-//Hibernate/Hibernate Configuration DTD 3.0//EN"
		"http://www.hibernate.org/dtd/hibernate-configuration-3.0.dtd">
<hibernate-configuration>
    <session-factory>
        <property name="hibernate.connection.driver_class">com.mysql.cj.jdbc.Driver</property>
        <property name="hibernate.connection.password">usuario</property>
        <property name="hibernate.connection.url">jdbc:mysql://localhost:3306/prueba_hibernate?sslMode=DISABLED&amp;serverTimezone=UTC</property>
        <property name="hibernate.connection.username">usuario_hibernate</property>
        <property name="hibernate.default_schema">world</property>
        <property name="hibernate.dialect">org.hibernate.dialect.MySQLDialect</property>
        <property name="hibernate.show_sql">true</property>
         <property name="hibernate.hbm2ddl.auto">create</property>
        
        
        
        <mapping class="model.Alumno"/>
<!--         <mapping class="model.Matricula"/> -->
        
        
        
    </session-factory>
</hibernate-configuration>
